<configuration>

  <appender name="FILE" class="ch.qos.logback.core.FileAppender">
    <file>myApp.log</file>

    <encoder>
      <pattern>%highlight([%level]) - [%date] - [%logger] %msg%n</pattern>
    </encoder>
  </appender>

  <appender name="STDOUT" class="ch.qos.logback.core.ConsoleAppender">
    <encoder>
      <pattern>%highlight([%level]) - [%date] - [%logger] %msg%n</pattern>
    </encoder>
  </appender>

  <root level="info">
    <appender-ref ref="FILE" />
    <appender-ref ref="STDOUT" />
  </root>
</configuration>
